{
  "helios_core_version": "1.0.0",
  "export_timestamp": "2026-01-26T16:01:24.639042",
  "analysis": {
    "id": "f290b605-d9a0-443d-a567-5d7b0b699a70",
    "measurement_id": "998bc1d5-25d2-4e18-9757-ac672b227632",
    "timestamp": "2026-01-26T15:13:18.562246",
    "mode": "Exploration",
    "status": "VALID",
    "result_hash": "17e6f20cce827b08cde99438d3bfe1bfc74f22a12c86b99d32285635f7f38368"
  },
  "solver_config": {
    "model_type": "OneDiode",
    "solver_seed": 42,
    "de_strategy": "best1bin",
    "de_mutation": [
      0.5,
      1.0
    ],
    "de_recombination": 0.7,
    "de_popsize": 15,
    "lm_xtol": 1e-10,
    "lm_ftol": 1e-10,
    "lm_gtol": 1e-10
  },
  "measurement": {
    "id": "998bc1d5-25d2-4e18-9757-ac672b227632",
    "device_label": "helios_test_iv_multiplixel_Pixel_2",
    "cell_area_cm2": 1.0,
    "temperature_c": 25.0,
    "irradiance_suns": 1.0
  },
  "results": {
    "j_sc": 33.9585301580774,
    "v_oc": 0.7116303073751808,
    "ff": 0.8055043830122034,
    "pce": 19.465753878939786,
    "r_s": 3.987500866245539e-05,
    "r_sh": 998489622.047035,
    "n_ideality": 2.9221918744017,
    "n2_ideality": null,
    "i_ph": 1.9974646753252243,
    "i_0": 0.0006057212014183463,
    "residual_rms": 95.29586124077983
  },
  "determinism_contract": {
    "global_seed": 42,
    "float_type": "IEEE 754 float64",
    "threading": "single-threaded (OMP_NUM_THREADS=1)"
  }
}